rs56873913,rs2288920,0.761755,PRRG2,G116C,19,50091199,TG,0.775,0.766,0.944,2.188E-07,4.686E-08
rs6670165,rs3176443,0.900709,FAM5B,L390V,1,177280121,TC,0.196,0.184,0.994,1.156E-07,4.448E-08
chr5_140143664_I,11 variants,>0.6,PCDHA1,-,5,140143664,I12D,0.486,0.475,1,3.596E-07,4.849E-08
chr5_140143664_I,11 variants,>0.6,PCDHA2,-,5,140143664,I12D,0.486,0.475,1,3.596E-07,4.849E-08
chr5_140143664_I,11 variants,>0.6,PCDHA3,-,5,140143664,I12D,0.486,0.475,1,3.596E-07,4.849E-08
chr5_140143664_I,11 variants,>0.6,PCDHA4,-,5,140143664,I12D,0.486,0.475,1,3.596E-07,4.849E-08
chr5_140143664_I,11 variants,>0.6,PCDHA5,-,5,140143664,I12D,0.486,0.475,1,3.596E-07,4.849E-08
chr5_140143664_I,11 variants,>0.6,PCDHA8,-,5,140143664,I12D,0.486,0.475,1,3.596E-07,4.849E-08
rs6002655,rs133335,0.644695,WBP2NL,D121G,22,42603814,TC,0.456,0.443,0.948,1.475E-09,1.709E-09
rs9607782,rs20551,0.768252,EP300,I997V,22,41587556,AT,0.25,0.232,0.944,6.763E-12,2.069E-11
rs8082590,rs4584886,0.90715,LRRC48,R191W,17,17958402,AG,0.611,0.614,0.954,6.841E-09,1.769E-08
rs8082590,rs2955365,0.732659,MYO15A,A595T,17,17958402,AG,0.611,0.614,0.954,6.841E-09,1.769E-08
rs2535627,rs3617,0.945592,ITIH3,Q315K,3,52845105,TC,0.545,0.529,0.986,3.956E-11,4.264E-11
rs950169,rs950169,1,ADAMTSL3,T1660I,15,84706461,TC,0.247,0.257,1,7.62E-11,1.618E-11
rs35518360,rs13107325 (1),0.845903,SLC39A8,A391T,4,103146890,AT,0.909,0.922,0.922,9.562E-13,7.98E-15
rs832187,rs3774729,0.642552,ATXN7,V862M,3,63833050,TC,0.607,0.615,0.985,2.584E-08,1.432E-08